ad_group,avg_attitude_change
Ad_Emotion,0.5543478260869565
Ad_Reason,0.21959026888604352
Control,-0.027285129604365622
